t7013	403	text/html; charset=UTF-8	5483	https://www.gov.il/he/service/real-estate-tax-7013	https://www.gov.il/he/service/real-estate-tax-7013
t7085	403	text/html; charset=UTF-8	5483	https://www.gov.il/he/service/real-estate-tax-inst-7085	https://www.gov.il/he/service/real-estate-tax-inst-7085
tcorr	403	text/html; charset=UTF-8	5483	https://www.gov.il/he/service/request-correction-real-estate-tax	https://www.gov.il/he/service/request-correction-real-estate-tax
t7000b	403	text/html; charset=UTF-8	5483	https://www.gov.il/he/service/real-estate-tax-7000b	https://www.gov.il/he/service/real-estate-tax-7000b
t2988	403	text/html; charset=UTF-8	5483	https://www.gov.il/he/service/real-estate-tax-inst-2988	https://www.gov.il/he/service/real-estate-tax-inst-2988
t2973	403	text/html; charset=UTF-8	5483	https://www.gov.il/he/service/real-estate2973	https://www.gov.il/he/service/real-estate2973
t2973b	403	text/html; charset=UTF-8	5483	https://www.gov.il/he/service/real-estate-2973b	https://www.gov.il/he/service/real-estate-2973b
t7157	403	text/html; charset=UTF-8	5483	https://www.gov.il/he/service/real_estate7157	https://www.gov.il/he/service/real_estate7157
t7002pdf	200	application/pdf	813042	https://www.gov.il/BlobFolder/service/real-estate-tax-7000/en/Service_Pages_Real_Estate_Taxation_real-estate-tax-7002.pdf	https://www.gov.il/BlobFolder/service/real-estate-tax-7000/en/Service_Pages_Real_Estate_Taxation_real-estate-tax-7002.pdf
i_probate	403	text/html; charset=UTF-8	5483	https://www.gov.il/he/service/probate_order	https://www.gov.il/he/service/probate_order
i_order	403	text/html; charset=UTF-8	5483	https://www.gov.il/he/service/inheritance_order	https://www.gov.il/he/service/inheritance_order
i_willdep	403	text/html; charset=UTF-8	5483	https://www.gov.il/he/service/will_deposit	https://www.gov.il/he/service/will_deposit
i_willinq	403	text/html; charset=UTF-8	5483	https://www.gov.il/he/service/wiil-deposit-inquiry	https://www.gov.il/he/service/wiil-deposit-inquiry
i_mgr	403	text/html; charset=UTF-8	5483	https://www.gov.il/he/service/estate_manager_nomination	https://www.gov.il/he/service/estate_manager_nomination
i_review	403	text/html; charset=UTF-8	5483	https://www.gov.il/he/service/request_for_review_of_inheritance_file	https://www.gov.il/he/service/request_for_review_of_inheritance_file
i_cancel	403	text/html; charset=UTF-8	5483	https://www.gov.il/he/service/inheritance_order_cancellation	https://www.gov.il/he/service/inheritance_order_cancellation
i_kz	403	text/html; charset=UTF-8	6019	https://www.kolzchut.org.il/he/%D7%94%D7%A1%D7%AA%D7%9C%D7%A7%D7%95%D7%AA_%D7%9E%D7%99%D7%A8%D7%95%D7%A9%D7%94	https://www.kolzchut.org.il/he/%D7%94%D7%A1%D7%AA%D7%9C%D7%A7%D7%95%D7%AA_%D7%9E%D7%99%D7%A8%D7%95%D7%A9%D7%94
c_reg	403	text/html; charset=UTF-8	5483	https://www.gov.il/he/service/guide-apartment-building-warrant	https://www.gov.il/he/service/guide-apartment-building-warrant
c_regpdf	200	application/pdf	1288160	https://www.gov.il/BlobFolder/generalpage/common-house-registration-inf/he/common-house-registration-application.pdf	https://www.gov.il/BlobFolder/generalpage/common-house-registration-inf/he/common-house-registration-application.pdf
c_annul	200	application/pdf	440844	https://www.gov.il/BlobFolder/generalpage/common-house-annulment-inf/he/common-house-annulment.pdf	https://www.gov.il/BlobFolder/generalpage/common-house-annulment-inf/he/common-house-annulment.pdf
c_kz	403	text/html; charset=UTF-8	6447	https://www.kolzchut.org.il/he/%D7%94%D7%92%D7%A9%D7%AA_%D7%AA%D7%91%D7%99%D7%A2%D7%94_%D7%9C%D7%9E%D7%A4%D7%A7%D7%97_%D7%A2%D7%9C_%D7%A8%D7%99%D7%A9%D7%95%D7%9D_%D7%94%D7%9E%D7%A7%D7%A8%D7%A7%D7%A2%D7%99%D7%9F	https://www.kolzchut.org.il/he/%D7%94%D7%92%D7%A9%D7%AA_%D7%AA%D7%91%D7%99%D7%A2%D7%94_%D7%9C%D7%9E%D7%A4%D7%A7%D7%97_%D7%A2%D7%9C_%D7%A8%D7%99%D7%A9%D7%95%D7%9D_%D7%94%D7%9E%D7%A7%D7%A8%D7%A7%D7%A2%D7%99%D7%9F
l_pawnpdf	200	application/pdf	219466	https://www.gov.il/BlobFolder/service/pawn_cancellation/he/pawncancelation.pdf	https://www.gov.il/BlobFolder/service/pawn_cancellation/he/pawncancelation.pdf
l_pawnsvc	403	text/html; charset=UTF-8	5483	https://www.gov.il/he/service/pawn_cancellation	https://www.gov.il/he/service/pawn_cancellation
n_bank	403	text/html; charset=UTF-8	5483	https://www.gov.il/he/service/bankruptcy-application	https://www.gov.il/he/service/bankruptcy-application
n_701	200	application/vnd.openxmlformats-officedocument.wordprocessingml.document	118605	https://www.gov.il/BlobFolder/generalpage/eca-digital-forms2/he/Forms_form701.docx	https://www.gov.il/BlobFolder/generalpage/eca-digital-forms2/he/Forms_form701.docx
n_702	200	application/vnd.openxmlformats-officedocument.wordprocessingml.document	131455	https://www.gov.il/BlobFolder/generalpage/eca-digital-forms2/he/Forms_form702.docx	https://www.gov.il/BlobFolder/generalpage/eca-digital-forms2/he/Forms_form702.docx
n_704	200	application/vnd.openxmlformats-officedocument.wordprocessingml.document	103677	https://www.gov.il/BlobFolder/generalpage/eca-digital-forms2/he/Forms_form704.docx	https://www.gov.il/BlobFolder/generalpage/eca-digital-forms2/he/Forms_form704.docx
n_705	200	application/vnd.openxmlformats-officedocument.wordprocessingml.document	153548	https://www.gov.il/BlobFolder/generalpage/eca-digital-forms2/he/Forms_form705.docx	https://www.gov.il/BlobFolder/generalpage/eca-digital-forms2/he/Forms_form705.docx
n_guide	404	text/html; charset=utf-8	1349	https://www.gov.il/BlobFolder/guide/insovlency-request-guide/he/Forms_insolvency-guide.pdf	https://www.gov.il/BlobFolder/guide/insovlency-request-guide/he/Forms_insolvency-guide.pdf
n_docs	200	application/pdf	482776	https://www.gov.il/BlobFolder/servicequestionnaire/bankruptcy-application/he/Doc_List1.pdf	https://www.gov.il/BlobFolder/servicequestionnaire/bankruptcy-application/he/Doc_List1.pdf
n_manual	200	application/pdf	945991	https://www.gov.il/BlobFolder/servicequestionnaire/bankruptcy-application/he/ManualForm.pdf	https://www.gov.il/BlobFolder/servicequestionnaire/bankruptcy-application/he/ManualForm.pdf
e_7	200	application/vnd.openxmlformats-officedocument.wordprocessingml.document	189280	https://www.gov.il/BlobFolder/generalpage/eca-digital-forms2/he/Forms_form7.docx	https://www.gov.il/BlobFolder/generalpage/eca-digital-forms2/he/Forms_form7.docx
e_214	200	application/vnd.openxmlformats-officedocument.wordprocessingml.document	164065	https://www.gov.il/BlobFolder/generalpage/eca-digital-forms2/he/Forms_form214.docx	https://www.gov.il/BlobFolder/generalpage/eca-digital-forms2/he/Forms_form214.docx
e_218	200	application/vnd.openxmlformats-officedocument.wordprocessingml.document	164379	https://www.gov.il/BlobFolder/generalpage/eca-digital-forms2/he/Forms_form218.docx	https://www.gov.il/BlobFolder/generalpage/eca-digital-forms2/he/Forms_form218.docx
e_233	200	application/vnd.openxmlformats-officedocument.wordprocessingml.document	224979	https://www.gov.il/BlobFolder/generalpage/eca-digital-forms2/he/Forms_form233.docx	https://www.gov.il/BlobFolder/generalpage/eca-digital-forms2/he/Forms_form233.docx
e_236	200	application/vnd.openxmlformats-officedocument.wordprocessingml.document	126272	https://www.gov.il/BlobFolder/generalpage/eca-digital-forms2/he/Forms_form236.docx	https://www.gov.il/BlobFolder/generalpage/eca-digital-forms2/he/Forms_form236.docx
e_351	200	application/vnd.openxmlformats-officedocument.wordprocessingml.document	108962	https://www.gov.il/BlobFolder/generalpage/eca-digital-forms2/he/Forms_form351.docx	https://www.gov.il/BlobFolder/generalpage/eca-digital-forms2/he/Forms_form351.docx
e_406	200	application/vnd.openxmlformats-officedocument.wordprocessingml.document	131437	https://www.gov.il/BlobFolder/generalpage/eca-digital-forms2/he/Forms_form406.docx	https://www.gov.il/BlobFolder/generalpage/eca-digital-forms2/he/Forms_form406.docx
e_500	200	application/vnd.openxmlformats-officedocument.wordprocessingml.document	117253	https://www.gov.il/BlobFolder/generalpage/eca-digital-forms1/he/Forms_form500.docx	https://www.gov.il/BlobFolder/generalpage/eca-digital-forms1/he/Forms_form500.docx
e_203	200	application/vnd.openxmlformats-officedocument.wordprocessingml.document	280035	https://www.gov.il/BlobFolder/generalpage/eca-digital-forms1/he/Forms_form203.docx	https://www.gov.il/BlobFolder/generalpage/eca-digital-forms1/he/Forms_form203.docx
